OrderID,DeliveryType,DeliveryTime
ORD0001,Same-Day,1.8
ORD0002,Same-Day,6.3
ORD0003,Two-Day,30.8
ORD0004,Same-Day,3.2
ORD0005,Same-Day,8.9
ORD0006,Same-Day,1.1
ORD0007,Same-Day,2.9
ORD0008,Same-Day,7.7
ORD0009,Two-Day,30.6
ORD0010,Two-Day,53.0
ORD0011,Same-Day,3.2
ORD0012,Same-Day,5.0
ORD0013,Same-Day,25.3
ORD0014,Two-Day,57.3
ORD0015,Two-Day,41.4
ORD0016,Same-Day,9.3
ORD0017,Same-Day,2.0
ORD0018,Two-Day,20.3
ORD0019,Same-Day,1.8
ORD0020,Same-Day,5.5
ORD0021,Two-Day,47.0
ORD0022,Two-Day,52.0
ORD0023,Same-Day,1.1
ORD0024,Same-Day,10.6
ORD0025,Two-Day,51.1
ORD0026,Same-Day,6.2
ORD0027,Two-Day,63.0
ORD0028,Same-Day,6.4
ORD0029,Same-Day,1.3
ORD0030,Two-Day,54.7
ORD0031,Same-Day,2.5
ORD0032,Same-Day,8.5
ORD0033,Two-Day,45.7
ORD0034,Two-Day,56.7
ORD0035,Two-Day,60.6
ORD0036,Same-Day,5.7
ORD0037,Same-Day,11.7
ORD0038,Same-Day,4.0
ORD0039,Same-Day,3.6
ORD0040,Two-Day,34.5
ORD0041,Same-Day,2.2
ORD0042,Two-Day,61.2
ORD0043,Same-Day,1.9
ORD0044,Two-Day,26.2
ORD0045,Same-Day,7.1
ORD0046,Same-Day,4.1
ORD0047,Two-Day,50.0
ORD0048,Same-Day,1.7
ORD0049,Same-Day,12.7
ORD0050,Same-Day,12.6
ORD0051,Same-Day,14.9
ORD0052,Same-Day,9.2
ORD0053,Two-Day,46.2
ORD0054,Two-Day,27.0
ORD0055,Same-Day,3.7
ORD0056,Two-Day,46.6
ORD0057,Same-Day,3.8
ORD0058,Two-Day,35.6
ORD0059,Same-Day,11.9
ORD0060,Two-Day,27.5
ORD0061,Two-Day,41.6
ORD0062,Same-Day,9.1
ORD0063,Same-Day,5.7
ORD0064,Two-Day,23.8
ORD0065,Two-Day,28.8
ORD0066,Two-Day,24.7
ORD0067,Two-Day,27.5
ORD0068,Same-Day,5.6
ORD0069,Two-Day,51.8
ORD0070,Two-Day,35.1
ORD0071,Same-Day,1.3
ORD0072,Same-Day,4.9
ORD0073,Two-Day,36.6
ORD0074,Two-Day,49.5
ORD0075,Same-Day,10.2
ORD0076,Same-Day,3.8
ORD0077,Two-Day,47.7
ORD0078,Two-Day,68.3
ORD0079,Same-Day,10.3
ORD0080,Two-Day,39.0
ORD0081,Same-Day,9.4
ORD0082,Two-Day,30.6
ORD0083,Same-Day,12.9
ORD0084,Two-Day,38.4
ORD0085,Two-Day,24.5
ORD0086,Same-Day,1.1
ORD0087,Same-Day,0.8
ORD0088,Same-Day,6.5
ORD0089,Two-Day,27.3
ORD0090,Two-Day,33.9
ORD0091,Two-Day,81.8
ORD0092,Two-Day,69.9
ORD0093,Same-Day,10.3
ORD0094,Same-Day,2.9
ORD0095,Same-Day,2.6
ORD0096,Same-Day,14.6
ORD0097,Same-Day,9.6
ORD0098,Two-Day,58.7
ORD0099,Same-Day,1.4
ORD0100,Same-Day,16.1
ORD0101,Same-Day,4.1
ORD0102,Same-Day,16.3
ORD0103,Same-Day,0.6
ORD0104,Two-Day,23.0
ORD0105,Same-Day,5.2
ORD0106,Two-Day,80.9
ORD0107,Same-Day,4.3
ORD0108,Two-Day,39.2
ORD0109,Same-Day,3.0
ORD0110,Two-Day,75.6
ORD0111,Two-Day,32.0
ORD0112,Two-Day,41.3
ORD0113,Two-Day,30.3
ORD0114,Two-Day,33.6
ORD0115,Two-Day,30.3
ORD0116,Two-Day,51.8
ORD0117,Two-Day,18.5
ORD0118,Same-Day,1.6
ORD0119,Two-Day,64.1
ORD0120,Same-Day,3.5
ORD0121,Same-Day,3.2
ORD0122,Same-Day,9.7
ORD0123,Two-Day,34.7
ORD0124,Two-Day,30.5
ORD0125,Two-Day,18.5
ORD0126,Two-Day,32.5
ORD0127,Two-Day,29.4
ORD0128,Same-Day,5.0
ORD0129,Same-Day,7.8
ORD0130,Same-Day,12.3
ORD0131,Same-Day,7.5
ORD0132,Same-Day,9.2
ORD0133,Same-Day,10.9
ORD0134,Two-Day,32.1
ORD0135,Same-Day,13.9
ORD0136,Same-Day,4.9
ORD0137,Same-Day,4.0
ORD0138,Two-Day,46.0
ORD0139,Same-Day,13.6
ORD0140,Two-Day,41.5
ORD0141,Same-Day,5.0
ORD0142,Same-Day,13.0
ORD0143,Two-Day,53.2
ORD0144,Two-Day,77.3
ORD0145,Same-Day,2.5
ORD0146,Same-Day,2.6
ORD0147,Two-Day,40.5
ORD0148,Same-Day,9.7
ORD0149,Same-Day,3.1
ORD0150,Two-Day,22.8
ORD0151,Two-Day,69.7
ORD0152,Same-Day,11.1
ORD0153,Same-Day,3.4
ORD0154,Same-Day,4.6
ORD0155,Same-Day,11.5
ORD0156,Two-Day,38.4
ORD0157,Two-Day,39.0
ORD0158,Same-Day,1.9
ORD0159,Two-Day,36.4
ORD0160,Two-Day,20.8
ORD0161,Two-Day,58.9
ORD0162,Two-Day,57.1
ORD0163,Same-Day,5.3
ORD0164,Same-Day,7.9
ORD0165,Same-Day,12.4
ORD0166,Same-Day,10.3
ORD0167,Same-Day,0.8
ORD0168,Same-Day,13.4
ORD0169,Two-Day,39.4
ORD0170,Two-Day,19.3
ORD0171,Two-Day,37.6
ORD0172,Same-Day,1.5
ORD0173,Same-Day,8.1
ORD0174,Same-Day,6.6
ORD0175,Same-Day,2.2
ORD0176,Same-Day,2.1
ORD0177,Same-Day,7.2
ORD0178,Same-Day,4.6
ORD0179,Same-Day,2.0
ORD0180,Two-Day,29.4
ORD0181,Two-Day,41.4
ORD0182,Same-Day,7.8
ORD0183,Same-Day,8.5
ORD0184,Same-Day,1.1
ORD0185,Two-Day,60.5
ORD0186,Same-Day,7.6
ORD0187,Same-Day,6.3
ORD0188,Same-Day,1.0
ORD0189,Same-Day,5.8
ORD0190,Same-Day,2.9
ORD0191,Two-Day,25.2
ORD0192,Two-Day,38.2
ORD0193,Same-Day,13.2
ORD0194,Two-Day,25.7
ORD0195,Same-Day,4.3
ORD0196,Same-Day,1.3
ORD0197,Same-Day,7.5
ORD0198,Same-Day,3.0
ORD0199,Two-Day,27.6
ORD0200,Same-Day,6.1
ORD0201,Same-Day,4.8
ORD0202,Two-Day,30.9
ORD0203,Two-Day,49.8
ORD0204,Same-Day,0.9
ORD0205,Same-Day,7.4
ORD0206,Same-Day,1.0
ORD0207,Two-Day,39.0
ORD0208,Same-Day,4.7
ORD0209,Same-Day,1.6
ORD0210,Same-Day,10.0
ORD0211,Two-Day,30.9
ORD0212,Same-Day,0.2
ORD0213,Two-Day,28.3
ORD0214,Two-Day,43.7
ORD0215,Same-Day,3.0
ORD0216,Two-Day,56.9
ORD0217,Two-Day,42.0
ORD0218,Same-Day,6.7
ORD0219,Same-Day,3.5
ORD0220,Two-Day,57.5
ORD0221,Same-Day,3.6
ORD0222,Same-Day,5.1
ORD0223,Two-Day,66.5
ORD0224,Same-Day,6.0
ORD0225,Two-Day,50.0
ORD0226,Same-Day,6.4
ORD0227,Same-Day,3.6
ORD0228,Two-Day,32.3
ORD0229,Two-Day,27.7
ORD0230,Same-Day,7.1
ORD0231,Two-Day,43.1
ORD0232,Two-Day,34.7
ORD0233,Same-Day,2.1
ORD0234,Two-Day,51.7
ORD0235,Same-Day,12.3
ORD0236,Same-Day,0.8
ORD0237,Two-Day,63.0
ORD0238,Same-Day,21.7
ORD0239,Two-Day,40.2
ORD0240,Same-Day,7.1
ORD0241,Same-Day,5.9
ORD0242,Two-Day,64.9
ORD0243,Two-Day,31.7
ORD0244,Same-Day,5.2
ORD0245,Same-Day,10.5
ORD0246,Same-Day,2.0
ORD0247,Two-Day,19.7
ORD0248,Same-Day,3.8
ORD0249,Same-Day,14.6
ORD0250,Same-Day,4.8
ORD0251,Same-Day,2.0
ORD0252,Same-Day,7.3
ORD0253,Same-Day,5.0
ORD0254,Same-Day,5.6
ORD0255,Same-Day,4.6
ORD0256,Same-Day,5.6
ORD0257,Same-Day,12.5
ORD0258,Same-Day,3.8
ORD0259,Two-Day,33.4
ORD0260,Same-Day,1.8
ORD0261,Same-Day,15.3
ORD0262,Two-Day,49.2
ORD0263,Same-Day,1.8
ORD0264,Same-Day,1.6
ORD0265,Same-Day,8.3
ORD0266,Two-Day,33.5
ORD0267,Same-Day,11.0
ORD0268,Two-Day,43.0
ORD0269,Two-Day,23.5
ORD0270,Same-Day,2.7
ORD0271,Same-Day,1.3
ORD0272,Same-Day,0.5
ORD0273,Two-Day,66.9
ORD0274,Same-Day,4.9
ORD0275,Two-Day,55.7
ORD0276,Same-Day,6.3
ORD0277,Same-Day,0.9
ORD0278,Two-Day,38.6
ORD0279,Same-Day,6.5
ORD0280,Two-Day,41.1
ORD0281,Same-Day,2.1
ORD0282,Two-Day,42.0
ORD0283,Two-Day,53.6
ORD0284,Two-Day,18.1
ORD0285,Same-Day,1.5
ORD0286,Two-Day,41.0
ORD0287,Same-Day,2.6
ORD0288,Same-Day,2.1
ORD0289,Same-Day,10.3
ORD0290,Two-Day,27.6
ORD0291,Same-Day,8.2
ORD0292,Same-Day,22.9
ORD0293,Two-Day,37.0
ORD0294,Same-Day,4.9
ORD0295,Same-Day,15.5
ORD0296,Two-Day,47.8
ORD0297,Same-Day,9.8
ORD0298,Same-Day,4.7
ORD0299,Same-Day,7.8
ORD0300,Two-Day,46.6
ORD0301,Two-Day,55.3
ORD0302,Same-Day,6.9
ORD0303,Same-Day,5.8
ORD0304,Same-Day,1.9
ORD0305,Two-Day,54.8
ORD0306,Same-Day,5.1
ORD0307,Two-Day,38.7
ORD0308,Same-Day,3.5
ORD0309,Two-Day,34.2
ORD0310,Two-Day,35.8
ORD0311,Two-Day,32.6
ORD0312,Two-Day,42.2
ORD0313,Same-Day,9.3
ORD0314,Same-Day,5.3
ORD0315,Two-Day,55.1
ORD0316,Same-Day,3.3
ORD0317,Two-Day,61.3
ORD0318,Two-Day,32.5
ORD0319,Two-Day,62.2
ORD0320,Same-Day,1.4
ORD0321,Same-Day,2.2
ORD0322,Same-Day,4.9
ORD0323,Two-Day,41.7
ORD0324,Two-Day,53.6
ORD0325,Same-Day,4.2
ORD0326,Same-Day,5.7
ORD0327,Same-Day,7.2
ORD0328,Same-Day,3.0
ORD0329,Same-Day,3.1
ORD0330,Two-Day,61.6
ORD0331,Same-Day,3.1
ORD0332,Same-Day,5.8
ORD0333,Same-Day,1.1
ORD0334,Two-Day,30.5
ORD0335,Two-Day,33.2
ORD0336,Two-Day,48.2
ORD0337,Same-Day,17.5
ORD0338,Same-Day,4.9
ORD0339,Same-Day,15.7
ORD0340,Same-Day,4.9
ORD0341,Same-Day,11.2
ORD0342,Same-Day,8.1
ORD0343,Two-Day,70.0
ORD0344,Two-Day,50.9
ORD0345,Two-Day,45.8
ORD0346,Two-Day,36.1
ORD0347,Two-Day,40.4
ORD0348,Two-Day,38.7
ORD0349,Same-Day,11.8
ORD0350,Two-Day,22.4
ORD0351,Same-Day,8.5
ORD0352,Same-Day,6.0
ORD0353,Same-Day,13.9
ORD0354,Two-Day,32.5
ORD0355,Two-Day,41.1
ORD0356,Same-Day,11.2
ORD0357,Two-Day,20.9
ORD0358,Two-Day,31.1
ORD0359,Same-Day,6.6
ORD0360,Same-Day,13.8
ORD0361,Same-Day,4.7
ORD0362,Two-Day,21.6
ORD0363,Two-Day,15.2
ORD0364,Same-Day,6.0
ORD0365,Same-Day,3.1
ORD0366,Same-Day,8.0
ORD0367,Two-Day,37.0
ORD0368,Same-Day,4.8
ORD0369,Same-Day,6.0
ORD0370,Same-Day,1.6
ORD0371,Same-Day,12.9
ORD0372,Same-Day,6.4
ORD0373,Two-Day,45.0
ORD0374,Two-Day,41.1
ORD0375,Same-Day,8.3
ORD0376,Same-Day,2.8
ORD0377,Same-Day,15.7
ORD0378,Same-Day,9.0
ORD0379,Same-Day,2.9
ORD0380,Same-Day,3.4
ORD0381,Same-Day,6.6
ORD0382,Same-Day,7.1
ORD0383,Same-Day,21.3
ORD0384,Same-Day,4.9
ORD0385,Same-Day,2.3
ORD0386,Same-Day,5.1
ORD0387,Same-Day,5.8
ORD0388,Two-Day,25.4
ORD0389,Same-Day,6.1
ORD0390,Same-Day,2.5
ORD0391,Same-Day,15.8
ORD0392,Two-Day,43.5
ORD0393,Same-Day,5.5
ORD0394,Same-Day,9.7
ORD0395,Same-Day,3.7
ORD0396,Same-Day,5.8
ORD0397,Two-Day,25.8
ORD0398,Two-Day,31.5
ORD0399,Same-Day,8.5
ORD0400,Two-Day,47.5
ORD0401,Same-Day,2.0
ORD0402,Same-Day,6.7
ORD0403,Same-Day,7.9
ORD0404,Same-Day,5.9
ORD0405,Two-Day,54.7
ORD0406,Two-Day,36.0
ORD0407,Same-Day,9.3
ORD0408,Same-Day,13.2
ORD0409,Same-Day,12.5
ORD0410,Two-Day,31.2
ORD0411,Same-Day,2.8
ORD0412,Same-Day,7.4
ORD0413,Same-Day,3.7
ORD0414,Same-Day,3.7
ORD0415,Same-Day,1.8
ORD0416,Same-Day,3.4
ORD0417,Same-Day,6.5
ORD0418,Same-Day,5.3
ORD0419,Two-Day,23.2
ORD0420,Same-Day,13.4
ORD0421,Same-Day,9.1
ORD0422,Two-Day,34.1
ORD0423,Two-Day,74.9
ORD0424,Two-Day,34.9
ORD0425,Same-Day,4.3
ORD0426,Two-Day,49.4
ORD0427,Same-Day,4.7
ORD0428,Same-Day,9.5
ORD0429,Same-Day,6.5
ORD0430,Two-Day,55.8
ORD0431,Two-Day,25.7
ORD0432,Same-Day,3.0
ORD0433,Same-Day,16.7
ORD0434,Two-Day,40.5
ORD0435,Two-Day,43.6
ORD0436,Same-Day,10.6
ORD0437,Two-Day,57.2
ORD0438,Two-Day,42.7
ORD0439,Same-Day,2.6
ORD0440,Same-Day,6.4
ORD0441,Two-Day,44.5
ORD0442,Same-Day,11.2
ORD0443,Two-Day,23.7
ORD0444,Same-Day,4.4
ORD0445,Same-Day,5.5
ORD0446,Same-Day,14.1
ORD0447,Same-Day,2.4
ORD0448,Same-Day,14.4
ORD0449,Same-Day,10.0
ORD0450,Two-Day,13.1
ORD0451,Same-Day,20.2
ORD0452,Same-Day,10.1
ORD0453,Two-Day,83.0
ORD0454,Two-Day,49.8
ORD0455,Two-Day,42.4
ORD0456,Two-Day,28.8
ORD0457,Same-Day,4.0
ORD0458,Same-Day,5.7
ORD0459,Two-Day,61.0
ORD0460,Same-Day,2.1
ORD0461,Two-Day,35.3
ORD0462,Same-Day,3.0
ORD0463,Same-Day,6.3
ORD0464,Same-Day,5.9
ORD0465,Two-Day,60.5
ORD0466,Two-Day,39.0
ORD0467,Same-Day,5.2
ORD0468,Same-Day,1.6
ORD0469,Same-Day,2.8
ORD0470,Same-Day,2.8
ORD0471,Same-Day,6.2
ORD0472,Same-Day,7.9
ORD0473,Same-Day,6.8
ORD0474,Two-Day,53.3
ORD0475,Same-Day,19.4
ORD0476,Same-Day,2.5
ORD0477,Two-Day,65.8
ORD0478,Two-Day,46.8
ORD0479,Same-Day,14.3
ORD0480,Two-Day,30.8
ORD0481,Same-Day,2.0
ORD0482,Same-Day,6.0
ORD0483,Two-Day,20.6
ORD0484,Same-Day,1.6
ORD0485,Same-Day,4.1
ORD0486,Same-Day,15.1
ORD0487,Same-Day,2.1
ORD0488,Same-Day,7.9
ORD0489,Two-Day,59.6
ORD0490,Two-Day,23.9
ORD0491,Same-Day,5.3
ORD0492,Same-Day,8.7
ORD0493,Same-Day,3.2
ORD0494,Two-Day,43.6
ORD0495,Same-Day,1.9
ORD0496,Same-Day,2.3
ORD0497,Same-Day,2.4
ORD0498,Two-Day,20.2
ORD0499,Two-Day,41.9
ORD0500,Same-Day,5.0
ORD0501,Same-Day,3.5
ORD0502,Two-Day,56.9
ORD0503,Two-Day,31.7
ORD0504,Same-Day,4.1
ORD0505,Same-Day,5.2
ORD0506,Same-Day,5.7
ORD0507,Two-Day,83.6
ORD0508,Same-Day,3.9
ORD0509,Same-Day,3.7
ORD0510,Same-Day,2.1
ORD0511,Two-Day,45.8
ORD0512,Same-Day,5.2
ORD0513,Same-Day,6.2
ORD0514,Two-Day,28.4
ORD0515,Same-Day,2.8
ORD0516,Same-Day,4.8
ORD0517,Two-Day,31.0
ORD0518,Same-Day,3.6
ORD0519,Two-Day,38.6
ORD0520,Two-Day,29.1
ORD0521,Same-Day,7.2
ORD0522,Same-Day,20.1
ORD0523,Same-Day,3.3
ORD0524,Two-Day,24.3
ORD0525,Two-Day,37.9
ORD0526,Same-Day,4.4
ORD0527,Two-Day,39.9
ORD0528,Same-Day,1.8
ORD0529,Two-Day,26.2
ORD0530,Same-Day,4.9
ORD0531,Same-Day,1.7
ORD0532,Two-Day,37.8
ORD0533,Same-Day,2.3
ORD0534,Two-Day,14.7
ORD0535,Two-Day,56.4
ORD0536,Same-Day,1.8
ORD0537,Same-Day,4.7
ORD0538,Two-Day,52.6
ORD0539,Two-Day,30.1
ORD0540,Same-Day,5.7
ORD0541,Same-Day,4.2
ORD0542,Two-Day,39.6
ORD0543,Same-Day,2.5
ORD0544,Same-Day,11.9
ORD0545,Two-Day,32.4
ORD0546,Two-Day,32.6
ORD0547,Same-Day,7.7
ORD0548,Same-Day,12.0
ORD0549,Two-Day,47.9
ORD0550,Same-Day,11.4
ORD0551,Two-Day,62.2
ORD0552,Two-Day,69.0
ORD0553,Same-Day,7.5
ORD0554,Same-Day,4.2
ORD0555,Same-Day,7.6
ORD0556,Same-Day,5.6
ORD0557,Two-Day,22.6
ORD0558,Two-Day,52.4
ORD0559,Two-Day,51.1
ORD0560,Two-Day,28.1
ORD0561,Two-Day,25.7
ORD0562,Two-Day,45.7
ORD0563,Same-Day,4.6
ORD0564,Two-Day,37.2
ORD0565,Same-Day,7.2
ORD0566,Same-Day,8.4
ORD0567,Same-Day,15.8
ORD0568,Two-Day,47.6
ORD0569,Same-Day,4.1
ORD0570,Two-Day,38.1
ORD0571,Same-Day,11.8
ORD0572,Same-Day,3.5
ORD0573,Two-Day,31.6
ORD0574,Same-Day,1.8
ORD0575,Two-Day,21.6
ORD0576,Same-Day,1.8
ORD0577,Two-Day,28.1
ORD0578,Two-Day,16.0
ORD0579,Same-Day,14.7
ORD0580,Two-Day,28.8
ORD0581,Two-Day,40.9
ORD0582,Two-Day,27.9
ORD0583,Same-Day,16.2
ORD0584,Two-Day,70.8
ORD0585,Same-Day,5.0
ORD0586,Same-Day,12.0
ORD0587,Two-Day,53.0
ORD0588,Same-Day,8.1
ORD0589,Same-Day,2.4
ORD0590,Same-Day,4.5
ORD0591,Two-Day,41.0
ORD0592,Two-Day,46.9
ORD0593,Same-Day,10.9
ORD0594,Same-Day,3.9
ORD0595,Same-Day,1.3
ORD0596,Same-Day,1.7
ORD0597,Same-Day,5.7
ORD0598,Same-Day,7.3
ORD0599,Same-Day,3.2
ORD0600,Same-Day,4.9
ORD0601,Two-Day,68.5
ORD0602,Same-Day,2.0
ORD0603,Two-Day,42.7
ORD0604,Same-Day,4.6
ORD0605,Same-Day,4.3
ORD0606,Same-Day,9.4
ORD0607,Two-Day,28.3
ORD0608,Same-Day,0.3
ORD0609,Two-Day,51.9
ORD0610,Two-Day,39.3
ORD0611,Same-Day,7.3
ORD0612,Same-Day,8.8
ORD0613,Same-Day,1.5
ORD0614,Two-Day,20.0
ORD0615,Same-Day,11.0
ORD0616,Same-Day,5.8
ORD0617,Same-Day,10.9
ORD0618,Two-Day,40.8
ORD0619,Same-Day,3.7
ORD0620,Same-Day,6.9
ORD0621,Same-Day,9.4
ORD0622,Same-Day,5.1
ORD0623,Same-Day,2.7
ORD0624,Two-Day,30.1
ORD0625,Same-Day,2.5
ORD0626,Same-Day,6.4
ORD0627,Two-Day,34.9
ORD0628,Same-Day,9.3
ORD0629,Same-Day,4.7
ORD0630,Two-Day,32.7
ORD0631,Two-Day,56.5
ORD0632,Same-Day,9.5
ORD0633,Two-Day,29.8
ORD0634,Same-Day,5.3
ORD0635,Two-Day,51.4
ORD0636,Same-Day,3.8
ORD0637,Two-Day,33.0
ORD0638,Same-Day,18.0
ORD0639,Two-Day,25.4
ORD0640,Same-Day,4.7
ORD0641,Two-Day,44.9
ORD0642,Same-Day,4.3
ORD0643,Same-Day,9.9
ORD0644,Same-Day,7.6
ORD0645,Two-Day,43.0
ORD0646,Two-Day,40.7
ORD0647,Same-Day,12.0
ORD0648,Two-Day,15.8
ORD0649,Two-Day,30.5
ORD0650,Same-Day,9.0
ORD0651,Same-Day,7.4
ORD0652,Same-Day,14.2
ORD0653,Two-Day,34.0
ORD0654,Two-Day,44.2
ORD0655,Same-Day,4.9
ORD0656,Same-Day,3.4
ORD0657,Two-Day,41.2
ORD0658,Two-Day,51.7
ORD0659,Same-Day,1.4
ORD0660,Same-Day,7.3
ORD0661,Two-Day,40.9
ORD0662,Two-Day,44.3
ORD0663,Same-Day,4.1
ORD0664,Same-Day,10.6
ORD0665,Same-Day,4.5
ORD0666,Same-Day,3.2
ORD0667,Two-Day,37.1
ORD0668,Two-Day,45.9
ORD0669,Two-Day,34.9
ORD0670,Two-Day,26.8
ORD0671,Same-Day,10.5
ORD0672,Same-Day,6.6
ORD0673,Same-Day,16.0
ORD0674,Same-Day,8.8
ORD0675,Same-Day,1.0
ORD0676,Same-Day,9.7
ORD0677,Same-Day,15.0
ORD0678,Same-Day,5.3
ORD0679,Two-Day,56.8
ORD0680,Same-Day,9.8
ORD0681,Same-Day,7.2
ORD0682,Same-Day,2.9
ORD0683,Two-Day,18.2
ORD0684,Same-Day,14.2
ORD0685,Two-Day,59.6
ORD0686,Same-Day,4.1
ORD0687,Two-Day,27.8
ORD0688,Two-Day,38.9
ORD0689,Same-Day,14.9
ORD0690,Same-Day,3.0
ORD0691,Same-Day,4.9
ORD0692,Same-Day,1.3
ORD0693,Same-Day,4.7
ORD0694,Same-Day,3.9
ORD0695,Same-Day,2.6
ORD0696,Same-Day,4.4
ORD0697,Two-Day,48.4
ORD0698,Same-Day,10.4
ORD0699,Two-Day,38.6
ORD0700,Same-Day,2.7
ORD0701,Same-Day,1.1
ORD0702,Two-Day,20.3
ORD0703,Two-Day,52.1
ORD0704,Same-Day,3.4
ORD0705,Same-Day,5.6
ORD0706,Two-Day,34.7
ORD0707,Same-Day,2.3
ORD0708,Same-Day,4.5
ORD0709,Same-Day,5.3
ORD0710,Two-Day,25.1
ORD0711,Same-Day,12.7
ORD0712,Two-Day,53.1
ORD0713,Same-Day,6.2
ORD0714,Same-Day,1.7
ORD0715,Same-Day,5.4
ORD0716,Same-Day,3.2
ORD0717,Same-Day,5.4
ORD0718,Two-Day,53.4
ORD0719,Same-Day,6.8
ORD0720,Same-Day,10.0
ORD0721,Two-Day,29.8
ORD0722,Two-Day,36.5
ORD0723,Same-Day,8.8
ORD0724,Two-Day,54.5
ORD0725,Same-Day,10.8
ORD0726,Same-Day,3.9
ORD0727,Same-Day,8.7
ORD0728,Two-Day,31.1
ORD0729,Same-Day,4.2
ORD0730,Two-Day,23.7
ORD0731,Same-Day,3.0
ORD0732,Same-Day,3.4
ORD0733,Two-Day,38.1
ORD0734,Same-Day,4.7
ORD0735,Same-Day,3.7
ORD0736,Same-Day,7.5
ORD0737,Two-Day,34.4
ORD0738,Two-Day,57.0
ORD0739,Same-Day,6.6
ORD0740,Same-Day,1.1
ORD0741,Same-Day,1.8
ORD0742,Same-Day,7.9
ORD0743,Same-Day,7.2
ORD0744,Same-Day,4.4
ORD0745,Two-Day,32.2
ORD0746,Same-Day,1.9
ORD0747,Two-Day,41.7
ORD0748,Same-Day,10.6
ORD0749,Same-Day,17.1
ORD0750,Same-Day,23.8
ORD0751,Two-Day,21.1
ORD0752,Two-Day,55.4
ORD0753,Two-Day,39.7
ORD0754,Two-Day,47.6
ORD0755,Same-Day,3.7
ORD0756,Two-Day,56.1
ORD0757,Same-Day,4.8
ORD0758,Same-Day,3.0
ORD0759,Same-Day,12.4
ORD0760,Two-Day,37.6
ORD0761,Two-Day,42.4
ORD0762,Two-Day,35.7
ORD0763,Same-Day,4.4
ORD0764,Two-Day,47.2
ORD0765,Two-Day,10.3
ORD0766,Same-Day,10.7
ORD0767,Same-Day,9.6
ORD0768,Same-Day,2.9
ORD0769,Two-Day,51.6
ORD0770,Two-Day,53.1
ORD0771,Same-Day,7.3
ORD0772,Two-Day,30.1
ORD0773,Two-Day,44.6
ORD0774,Two-Day,43.4
ORD0775,Same-Day,10.4
ORD0776,Same-Day,2.8
ORD0777,Same-Day,4.5
ORD0778,Two-Day,17.6
ORD0779,Same-Day,5.9
ORD0780,Two-Day,20.1
ORD0781,Same-Day,2.6
ORD0782,Two-Day,51.0
ORD0783,Same-Day,4.3
ORD0784,Two-Day,39.2
ORD0785,Two-Day,42.3
ORD0786,Two-Day,9.9
ORD0787,Two-Day,40.9
ORD0788,Two-Day,50.6
ORD0789,Two-Day,26.4
ORD0790,Same-Day,6.7
ORD0791,Same-Day,3.3
ORD0792,Same-Day,3.2
ORD0793,Same-Day,5.6
ORD0794,Same-Day,3.8
ORD0795,Same-Day,5.6
ORD0796,Two-Day,29.9
ORD0797,Same-Day,3.9
ORD0798,Same-Day,6.1
ORD0799,Two-Day,41.1
ORD0800,Two-Day,42.1
ORD0801,Same-Day,3.1
ORD0802,Two-Day,53.3
ORD0803,Two-Day,58.1
ORD0804,Two-Day,30.4
ORD0805,Two-Day,34.1
ORD0806,Same-Day,5.0
ORD0807,Same-Day,7.7
ORD0808,Same-Day,3.3
ORD0809,Same-Day,4.4
ORD0810,Two-Day,47.6
ORD0811,Two-Day,24.6
ORD0812,Two-Day,20.6
ORD0813,Two-Day,50.8
ORD0814,Same-Day,1.7
ORD0815,Same-Day,14.4
ORD0816,Same-Day,3.2
ORD0817,Same-Day,4.4
ORD0818,Two-Day,35.3
ORD0819,Same-Day,2.1
ORD0820,Same-Day,4.9
ORD0821,Same-Day,4.0
ORD0822,Same-Day,8.3
ORD0823,Two-Day,49.2
ORD0824,Same-Day,8.1
ORD0825,Same-Day,7.7
ORD0826,Same-Day,5.4
ORD0827,Same-Day,13.7
ORD0828,Same-Day,5.7
ORD0829,Same-Day,5.2
ORD0830,Two-Day,35.3
ORD0831,Same-Day,13.3
ORD0832,Same-Day,4.6
ORD0833,Same-Day,1.0
ORD0834,Two-Day,38.6
ORD0835,Same-Day,5.9
ORD0836,Same-Day,3.7
ORD0837,Two-Day,34.1
ORD0838,Same-Day,7.2
ORD0839,Two-Day,56.4
ORD0840,Same-Day,4.1
ORD0841,Two-Day,45.2
ORD0842,Same-Day,2.4
ORD0843,Two-Day,75.1
ORD0844,Same-Day,17.6
ORD0845,Same-Day,5.0
ORD0846,Same-Day,0.4
ORD0847,Same-Day,13.6
ORD0848,Same-Day,3.5
ORD0849,Same-Day,7.6
ORD0850,Two-Day,20.2
ORD0851,Same-Day,7.0
ORD0852,Two-Day,44.5
ORD0853,Same-Day,5.1
ORD0854,Two-Day,49.2
ORD0855,Same-Day,1.5
ORD0856,Two-Day,34.2
ORD0857,Same-Day,5.0
ORD0858,Same-Day,1.6
ORD0859,Two-Day,47.3
ORD0860,Same-Day,3.5
ORD0861,Two-Day,37.4
ORD0862,Same-Day,8.5
ORD0863,Same-Day,4.3
ORD0864,Same-Day,12.8
ORD0865,Two-Day,30.6
ORD0866,Same-Day,2.8
ORD0867,Same-Day,8.7
ORD0868,Same-Day,5.1
ORD0869,Same-Day,2.1
ORD0870,Same-Day,3.6
ORD0871,Same-Day,8.2
ORD0872,Same-Day,14.2
ORD0873,Same-Day,5.4
ORD0874,Two-Day,35.8
ORD0875,Same-Day,9.5
ORD0876,Same-Day,1.5
ORD0877,Two-Day,43.6
ORD0878,Same-Day,5.8
ORD0879,Same-Day,10.2
ORD0880,Same-Day,8.5
ORD0881,Same-Day,3.1
ORD0882,Same-Day,0.9
ORD0883,Same-Day,8.2
ORD0884,Two-Day,12.7
ORD0885,Same-Day,2.0
ORD0886,Two-Day,28.9
ORD0887,Same-Day,11.4
ORD0888,Same-Day,8.9
ORD0889,Same-Day,9.1
ORD0890,Same-Day,7.6
ORD0891,Two-Day,62.3
ORD0892,Same-Day,0.9
ORD0893,Two-Day,45.4
ORD0894,Two-Day,31.0
ORD0895,Same-Day,1.0
ORD0896,Two-Day,50.4
ORD0897,Same-Day,5.6
ORD0898,Two-Day,34.1
ORD0899,Two-Day,68.9
ORD0900,Two-Day,51.2
ORD0901,Same-Day,3.0
ORD0902,Two-Day,44.7
ORD0903,Same-Day,8.7
ORD0904,Same-Day,1.9
ORD0905,Two-Day,33.2
ORD0906,Same-Day,1.1
ORD0907,Two-Day,33.6
ORD0908,Two-Day,38.4
ORD0909,Two-Day,29.9
ORD0910,Two-Day,15.6
ORD0911,Two-Day,55.6
ORD0912,Same-Day,8.2
ORD0913,Two-Day,33.2
ORD0914,Two-Day,57.7
ORD0915,Same-Day,6.1
ORD0916,Same-Day,0.8
ORD0917,Same-Day,6.8
ORD0918,Same-Day,2.9
ORD0919,Two-Day,63.7
ORD0920,Same-Day,1.8
ORD0921,Same-Day,11.5
ORD0922,Two-Day,56.0
ORD0923,Same-Day,13.0
ORD0924,Same-Day,2.1
ORD0925,Two-Day,26.6
ORD0926,Same-Day,4.2
ORD0927,Two-Day,26.9
ORD0928,Same-Day,1.2
ORD0929,Same-Day,2.9
ORD0930,Same-Day,5.8
ORD0931,Same-Day,5.3
ORD0932,Two-Day,31.3
ORD0933,Two-Day,34.7
ORD0934,Same-Day,8.8
ORD0935,Two-Day,24.5
ORD0936,Same-Day,10.1
ORD0937,Same-Day,6.1
ORD0938,Two-Day,46.5
ORD0939,Same-Day,6.4
ORD0940,Two-Day,35.2
ORD0941,Same-Day,4.8
ORD0942,Two-Day,56.1
ORD0943,Two-Day,33.9
ORD0944,Same-Day,4.9
ORD0945,Two-Day,36.0
ORD0946,Same-Day,3.5
ORD0947,Same-Day,1.0
ORD0948,Two-Day,23.1
ORD0949,Same-Day,8.2
ORD0950,Two-Day,28.5
ORD0951,Same-Day,2.8
ORD0952,Same-Day,8.1
ORD0953,Same-Day,13.3
ORD0954,Two-Day,45.7
ORD0955,Same-Day,7.1
ORD0956,Two-Day,51.7
ORD0957,Same-Day,9.3
ORD0958,Two-Day,55.2
ORD0959,Same-Day,10.6
ORD0960,Two-Day,47.9
ORD0961,Two-Day,20.0
ORD0962,Two-Day,16.5
ORD0963,Two-Day,32.1
ORD0964,Same-Day,0.8
ORD0965,Same-Day,8.7
ORD0966,Two-Day,38.1
ORD0967,Two-Day,29.4
ORD0968,Same-Day,3.3
ORD0969,Two-Day,40.2
ORD0970,Same-Day,5.7
ORD0971,Same-Day,5.4
ORD0972,Same-Day,0.9
ORD0973,Two-Day,29.8
ORD0974,Two-Day,54.0
ORD0975,Same-Day,8.3
ORD0976,Same-Day,5.0
ORD0977,Same-Day,1.3
ORD0978,Two-Day,38.5
ORD0979,Two-Day,33.2
ORD0980,Same-Day,14.0
ORD0981,Same-Day,2.0
ORD0982,Same-Day,8.5
ORD0983,Two-Day,39.9
ORD0984,Same-Day,15.3
ORD0985,Same-Day,4.0
ORD0986,Same-Day,6.8
ORD0987,Same-Day,1.3
ORD0988,Same-Day,7.7
ORD0989,Same-Day,5.4
ORD0990,Same-Day,6.9
ORD0991,Same-Day,10.5
ORD0992,Same-Day,10.3
ORD0993,Two-Day,46.4
ORD0994,Two-Day,78.0
ORD0995,Same-Day,6.9
ORD0996,Same-Day,2.5
ORD0997,Same-Day,0.1
ORD0998,Two-Day,42.0
ORD0999,Same-Day,17.7
ORD1000,Same-Day,9.7
ORD1001,Two-Day,58.3
ORD1002,Two-Day,40.2
ORD1003,Same-Day,4.1
ORD1004,Two-Day,61.7
ORD1005,Same-Day,4.3
ORD1006,Two-Day,29.5
ORD1007,Same-Day,4.0
ORD1008,Two-Day,52.9
ORD1009,Two-Day,35.7
ORD1010,Same-Day,2.8
ORD1011,Same-Day,1.9
ORD1012,Same-Day,2.8
ORD1013,Same-Day,15.4
ORD1014,Two-Day,34.5
ORD1015,Same-Day,4.2
ORD1016,Two-Day,75.6
ORD1017,Same-Day,12.6
ORD1018,Two-Day,44.4
ORD1019,Same-Day,10.4
ORD1020,Same-Day,13.5
ORD1021,Two-Day,43.5
ORD1022,Same-Day,5.9
ORD1023,Two-Day,70.4
ORD1024,Same-Day,10.6
ORD1025,Same-Day,2.9
ORD1026,Same-Day,2.0
ORD1027,Two-Day,22.3
ORD1028,Two-Day,38.8
ORD1029,Two-Day,55.8
ORD1030,Two-Day,47.2
ORD1031,Two-Day,21.8
ORD1032,Same-Day,10.6
ORD1033,Same-Day,1.1
ORD1034,Two-Day,47.5
ORD1035,Two-Day,26.6
ORD1036,Same-Day,12.9
ORD1037,Same-Day,3.8
ORD1038,Same-Day,7.2
ORD1039,Same-Day,8.1
ORD1040,Two-Day,34.4
ORD1041,Same-Day,2.7
ORD1042,Two-Day,40.1
ORD1043,Two-Day,43.7
ORD1044,Same-Day,6.3
ORD1045,Same-Day,11.3
ORD1046,Same-Day,3.0
ORD1047,Same-Day,12.2
ORD1048,Two-Day,47.7
ORD1049,Same-Day,9.8
ORD1050,Same-Day,6.4
ORD1051,Two-Day,68.4
ORD1052,Same-Day,3.3
ORD1053,Two-Day,35.5
ORD1054,Same-Day,7.5
ORD1055,Two-Day,56.0
ORD1056,Same-Day,7.4
ORD1057,Same-Day,11.2
ORD1058,Two-Day,56.9
ORD1059,Same-Day,10.7
ORD1060,Same-Day,10.4
ORD1061,Two-Day,23.9
ORD1062,Same-Day,6.6
ORD1063,Two-Day,46.0
ORD1064,Two-Day,59.9
ORD1065,Two-Day,26.3
ORD1066,Same-Day,28.7
ORD1067,Same-Day,5.6
ORD1068,Same-Day,8.6
ORD1069,Same-Day,2.5
ORD1070,Two-Day,36.3
ORD1071,Two-Day,44.6
ORD1072,Same-Day,3.8
ORD1073,Same-Day,6.2
ORD1074,Two-Day,39.4
ORD1075,Same-Day,6.4
ORD1076,Same-Day,6.3
ORD1077,Same-Day,2.9
ORD1078,Same-Day,2.7
ORD1079,Same-Day,0.9
ORD1080,Same-Day,3.4
ORD1081,Same-Day,3.7
ORD1082,Two-Day,30.8
ORD1083,Same-Day,3.7
ORD1084,Two-Day,43.1
ORD1085,Same-Day,0.6
ORD1086,Two-Day,36.3
ORD1087,Same-Day,1.7
ORD1088,Same-Day,5.1
ORD1089,Same-Day,0.7
ORD1090,Same-Day,3.6
ORD1091,Same-Day,7.4
ORD1092,Two-Day,65.8
ORD1093,Same-Day,11.4
ORD1094,Two-Day,40.3
ORD1095,Same-Day,14.9
ORD1096,Same-Day,4.7
ORD1097,Same-Day,4.0
ORD1098,Same-Day,10.3
ORD1099,Same-Day,6.1
ORD1100,Same-Day,1.5
ORD1101,Same-Day,0.5
ORD1102,Same-Day,9.1
ORD1103,Same-Day,2.2
ORD1104,Two-Day,29.3
ORD1105,Two-Day,39.3
ORD1106,Same-Day,6.9
ORD1107,Same-Day,5.5
ORD1108,Two-Day,27.8
ORD1109,Two-Day,29.6
ORD1110,Same-Day,2.8
ORD1111,Same-Day,6.2
ORD1112,Two-Day,43.8
ORD1113,Same-Day,2.7
ORD1114,Two-Day,34.8
ORD1115,Same-Day,2.9
ORD1116,Same-Day,2.7
ORD1117,Two-Day,37.7
ORD1118,Same-Day,3.2
ORD1119,Same-Day,12.5
ORD1120,Same-Day,5.6
ORD1121,Two-Day,15.8
ORD1122,Same-Day,15.1
ORD1123,Same-Day,1.1
ORD1124,Two-Day,34.3
ORD1125,Two-Day,28.1
ORD1126,Two-Day,31.3
ORD1127,Two-Day,43.0
ORD1128,Two-Day,32.5
ORD1129,Two-Day,30.1
ORD1130,Two-Day,36.1
ORD1131,Two-Day,29.4
ORD1132,Two-Day,24.0
ORD1133,Two-Day,48.8
ORD1134,Same-Day,1.2
ORD1135,Two-Day,43.1
ORD1136,Same-Day,7.4
ORD1137,Same-Day,9.9
ORD1138,Two-Day,54.6
ORD1139,Same-Day,4.6
ORD1140,Same-Day,2.5
ORD1141,Two-Day,32.2
ORD1142,Same-Day,1.7
ORD1143,Same-Day,1.8
ORD1144,Same-Day,6.2
ORD1145,Same-Day,18.1
ORD1146,Two-Day,33.4
ORD1147,Two-Day,46.7
ORD1148,Same-Day,8.2
ORD1149,Two-Day,19.2
ORD1150,Two-Day,20.6
ORD1151,Same-Day,1.8
ORD1152,Same-Day,9.5
ORD1153,Same-Day,5.9
ORD1154,Same-Day,15.0
ORD1155,Same-Day,1.6
ORD1156,Same-Day,4.1
ORD1157,Same-Day,9.1
ORD1158,Two-Day,58.4
ORD1159,Two-Day,35.4
ORD1160,Same-Day,9.1
ORD1161,Two-Day,40.8
ORD1162,Same-Day,2.2
ORD1163,Same-Day,5.6
ORD1164,Same-Day,2.8
ORD1165,Same-Day,7.6
ORD1166,Two-Day,17.5
ORD1167,Same-Day,2.4
ORD1168,Same-Day,7.5
ORD1169,Same-Day,1.4
ORD1170,Two-Day,37.1
ORD1171,Same-Day,12.1
ORD1172,Same-Day,1.1
ORD1173,Same-Day,0.1
ORD1174,Two-Day,32.9
ORD1175,Same-Day,10.9
ORD1176,Same-Day,5.8
ORD1177,Same-Day,6.9
ORD1178,Same-Day,7.0
ORD1179,Same-Day,2.1
ORD1180,Same-Day,2.1
ORD1181,Two-Day,35.5
ORD1182,Same-Day,8.3
ORD1183,Two-Day,16.4
ORD1184,Two-Day,22.3
ORD1185,Same-Day,2.7
ORD1186,Two-Day,31.1
ORD1187,Same-Day,5.8
ORD1188,Two-Day,37.1
ORD1189,Two-Day,31.5
ORD1190,Same-Day,15.3
ORD1191,Same-Day,5.1
ORD1192,Two-Day,41.5
ORD1193,Same-Day,8.2
ORD1194,Same-Day,2.7
ORD1195,Two-Day,69.4
ORD1196,Two-Day,57.5
ORD1197,Same-Day,5.6
ORD1198,Same-Day,4.8
ORD1199,Same-Day,11.4
ORD1200,Same-Day,4.6
ORD1201,Same-Day,6.8
ORD1202,Two-Day,36.6
ORD1203,Same-Day,7.6
ORD1204,Same-Day,14.5
ORD1205,Same-Day,10.4
ORD1206,Same-Day,1.5
ORD1207,Same-Day,7.6
ORD1208,Same-Day,3.9
ORD1209,Two-Day,23.9
ORD1210,Same-Day,10.3
ORD1211,Same-Day,14.5
ORD1212,Two-Day,45.5
ORD1213,Same-Day,3.7
ORD1214,Same-Day,0.7
ORD1215,Same-Day,12.0
ORD1216,Two-Day,37.1
ORD1217,Same-Day,4.9
ORD1218,Same-Day,9.7
ORD1219,Two-Day,25.9
ORD1220,Same-Day,4.6
ORD1221,Two-Day,30.6
ORD1222,Same-Day,4.6
ORD1223,Two-Day,27.2
ORD1224,Same-Day,0.1
ORD1225,Same-Day,3.7
ORD1226,Same-Day,12.1
ORD1227,Same-Day,6.3
ORD1228,Same-Day,1.7
ORD1229,Same-Day,0.8
ORD1230,Same-Day,2.2
ORD1231,Same-Day,7.7
ORD1232,Two-Day,26.1
ORD1233,Same-Day,2.6
ORD1234,Two-Day,53.5
ORD1235,Same-Day,7.3
ORD1236,Same-Day,1.6
ORD1237,Two-Day,52.1
ORD1238,Two-Day,52.1
ORD1239,Same-Day,16.0
ORD1240,Two-Day,20.8
ORD1241,Same-Day,0.7
ORD1242,Same-Day,5.8
ORD1243,Same-Day,6.8
ORD1244,Same-Day,2.1
ORD1245,Same-Day,2.8
ORD1246,Same-Day,9.4
ORD1247,Two-Day,44.9
ORD1248,Two-Day,49.4
ORD1249,Same-Day,15.6
ORD1250,Same-Day,1.9
ORD1251,Two-Day,49.8
ORD1252,Same-Day,6.2
ORD1253,Same-Day,2.1
ORD1254,Same-Day,8.7
ORD1255,Same-Day,4.9
ORD1256,Same-Day,1.9
ORD1257,Same-Day,16.7
ORD1258,Two-Day,40.9
ORD1259,Same-Day,9.6
ORD1260,Same-Day,0.9
ORD1261,Same-Day,10.3
ORD1262,Two-Day,41.6
ORD1263,Two-Day,17.9
ORD1264,Two-Day,43.7
ORD1265,Same-Day,5.6
ORD1266,Same-Day,11.1
ORD1267,Same-Day,12.9
ORD1268,Same-Day,8.0
ORD1269,Same-Day,16.9
ORD1270,Two-Day,41.6
ORD1271,Same-Day,7.9
ORD1272,Two-Day,27.0
ORD1273,Same-Day,12.3
ORD1274,Two-Day,39.4
ORD1275,Same-Day,7.5
ORD1276,Same-Day,1.1
ORD1277,Same-Day,13.4
ORD1278,Same-Day,12.8
ORD1279,Two-Day,13.2
ORD1280,Two-Day,23.9
ORD1281,Two-Day,25.3
ORD1282,Same-Day,6.4
ORD1283,Same-Day,2.2
ORD1284,Two-Day,46.2
ORD1285,Two-Day,43.6
ORD1286,Same-Day,18.2
ORD1287,Same-Day,2.0
ORD1288,Two-Day,37.6
ORD1289,Same-Day,2.1
ORD1290,Same-Day,5.8
ORD1291,Same-Day,2.3
ORD1292,Two-Day,38.3
ORD1293,Same-Day,3.0
ORD1294,Two-Day,64.8
ORD1295,Two-Day,46.8
ORD1296,Same-Day,7.2
ORD1297,Two-Day,69.0
ORD1298,Same-Day,2.0
ORD1299,Same-Day,11.4
ORD1300,Same-Day,8.1
ORD1301,Same-Day,4.5
ORD1302,Two-Day,30.7
ORD1303,Same-Day,4.4
ORD1304,Two-Day,24.5
ORD1305,Two-Day,19.4
ORD1306,Same-Day,2.7
ORD1307,Same-Day,17.0
ORD1308,Two-Day,44.1
ORD1309,Same-Day,5.5
ORD1310,Same-Day,0.9
ORD1311,Same-Day,2.0
ORD1312,Two-Day,76.8
ORD1313,Same-Day,11.2
ORD1314,Two-Day,28.1
ORD1315,Two-Day,39.4
ORD1316,Same-Day,4.7
ORD1317,Same-Day,4.7
ORD1318,Two-Day,45.8
ORD1319,Same-Day,13.3
ORD1320,Two-Day,45.5
ORD1321,Two-Day,46.8
ORD1322,Two-Day,44.7
ORD1323,Two-Day,12.9
ORD1324,Same-Day,2.8
ORD1325,Two-Day,33.0
ORD1326,Same-Day,9.0
ORD1327,Same-Day,5.8
ORD1328,Same-Day,6.8
ORD1329,Same-Day,6.8
ORD1330,Same-Day,6.9
ORD1331,Same-Day,10.6
ORD1332,Two-Day,79.2
ORD1333,Two-Day,52.0
ORD1334,Same-Day,5.6
ORD1335,Same-Day,3.0
ORD1336,Two-Day,36.8
ORD1337,Same-Day,2.5
ORD1338,Same-Day,4.5
ORD1339,Same-Day,3.1
ORD1340,Two-Day,38.6
ORD1341,Same-Day,1.7
ORD1342,Same-Day,5.6
ORD1343,Same-Day,10.1
ORD1344,Same-Day,5.7
ORD1345,Same-Day,1.4
ORD1346,Two-Day,32.4
ORD1347,Same-Day,4.2
ORD1348,Same-Day,2.7
ORD1349,Two-Day,23.2
ORD1350,Same-Day,9.8
ORD1351,Same-Day,0.5
ORD1352,Two-Day,34.3
ORD1353,Same-Day,0.2
ORD1354,Same-Day,13.6
ORD1355,Same-Day,8.0
ORD1356,Same-Day,7.2
ORD1357,Same-Day,3.2
ORD1358,Two-Day,35.9
ORD1359,Two-Day,33.6
ORD1360,Same-Day,5.2
ORD1361,Same-Day,5.2
ORD1362,Two-Day,45.7
ORD1363,Two-Day,31.4
ORD1364,Same-Day,6.9
ORD1365,Same-Day,7.1
ORD1366,Same-Day,11.8
ORD1367,Same-Day,6.7
ORD1368,Same-Day,2.4
ORD1369,Two-Day,60.6
ORD1370,Same-Day,1.7
ORD1371,Same-Day,1.7
ORD1372,Same-Day,6.1
ORD1373,Same-Day,11.3
ORD1374,Same-Day,3.0
ORD1375,Same-Day,8.0
ORD1376,Same-Day,8.9
ORD1377,Same-Day,15.8
ORD1378,Same-Day,1.2
ORD1379,Same-Day,9.9
ORD1380,Same-Day,2.2
ORD1381,Same-Day,2.3
ORD1382,Same-Day,4.8
ORD1383,Same-Day,4.9
ORD1384,Two-Day,39.0
ORD1385,Two-Day,58.4
ORD1386,Two-Day,44.0
ORD1387,Same-Day,3.1
ORD1388,Same-Day,2.5
ORD1389,Same-Day,1.1
ORD1390,Same-Day,16.2
ORD1391,Same-Day,1.2
ORD1392,Same-Day,5.4
ORD1393,Same-Day,12.2
ORD1394,Two-Day,57.1
ORD1395,Same-Day,4.6
ORD1396,Two-Day,53.9
ORD1397,Two-Day,48.0
ORD1398,Same-Day,3.7
ORD1399,Same-Day,3.4
ORD1400,Same-Day,3.7
ORD1401,Same-Day,8.7
ORD1402,Same-Day,8.7
ORD1403,Two-Day,46.6
ORD1404,Two-Day,41.0
ORD1405,Two-Day,37.0
ORD1406,Two-Day,44.4
ORD1407,Same-Day,5.1
ORD1408,Same-Day,1.2
ORD1409,Two-Day,31.8
ORD1410,Same-Day,1.3
ORD1411,Two-Day,60.1
ORD1412,Two-Day,29.5
ORD1413,Two-Day,21.0
ORD1414,Same-Day,1.7
ORD1415,Same-Day,9.9
ORD1416,Same-Day,3.1
ORD1417,Two-Day,31.0
ORD1418,Two-Day,44.5
ORD1419,Same-Day,19.5
ORD1420,Same-Day,5.0
ORD1421,Two-Day,36.6
ORD1422,Two-Day,43.2
ORD1423,Two-Day,50.8
ORD1424,Two-Day,32.7
ORD1425,Two-Day,46.5
ORD1426,Same-Day,3.7
ORD1427,Same-Day,3.8
ORD1428,Two-Day,54.8
ORD1429,Same-Day,5.4
ORD1430,Same-Day,15.8
ORD1431,Two-Day,30.7
ORD1432,Two-Day,42.9
ORD1433,Same-Day,6.5
ORD1434,Same-Day,7.7
ORD1435,Same-Day,5.3
ORD1436,Same-Day,5.8
ORD1437,Two-Day,53.9
ORD1438,Same-Day,2.7
ORD1439,Same-Day,4.8
ORD1440,Same-Day,5.9
ORD1441,Same-Day,5.1
ORD1442,Same-Day,10.3
ORD1443,Same-Day,5.9
ORD1444,Same-Day,3.1
ORD1445,Two-Day,45.8
ORD1446,Same-Day,3.3
ORD1447,Same-Day,5.3
ORD1448,Same-Day,8.7
ORD1449,Same-Day,4.5
ORD1450,Same-Day,2.7
ORD1451,Same-Day,7.3
ORD1452,Two-Day,26.1
ORD1453,Same-Day,4.3
ORD1454,Two-Day,30.8
ORD1455,Two-Day,43.1
ORD1456,Same-Day,11.6
ORD1457,Same-Day,3.5
ORD1458,Same-Day,6.2
ORD1459,Two-Day,38.0
ORD1460,Same-Day,5.9
ORD1461,Same-Day,5.1
ORD1462,Same-Day,8.0
ORD1463,Two-Day,31.2
ORD1464,Same-Day,2.5
ORD1465,Same-Day,2.6
ORD1466,Same-Day,0.7
ORD1467,Two-Day,23.7
ORD1468,Same-Day,4.4
ORD1469,Same-Day,3.8
ORD1470,Two-Day,42.9
ORD1471,Same-Day,2.3
ORD1472,Same-Day,5.7
ORD1473,Two-Day,59.4
ORD1474,Two-Day,42.0
ORD1475,Same-Day,4.1
ORD1476,Two-Day,36.1
ORD1477,Same-Day,5.9
ORD1478,Same-Day,1.6
ORD1479,Same-Day,5.6
ORD1480,Same-Day,8.0
ORD1481,Same-Day,8.8
ORD1482,Same-Day,1.5
ORD1483,Same-Day,4.5
ORD1484,Same-Day,6.8
ORD1485,Two-Day,44.2
ORD1486,Two-Day,31.2
ORD1487,Two-Day,57.4
ORD1488,Same-Day,1.2
ORD1489,Two-Day,42.3
ORD1490,Same-Day,9.1
ORD1491,Same-Day,1.3
ORD1492,Same-Day,12.1
ORD1493,Same-Day,4.0
ORD1494,Same-Day,3.8
ORD1495,Two-Day,26.2
ORD1496,Same-Day,12.7
ORD1497,Two-Day,34.0
ORD1498,Same-Day,8.8
ORD1499,Same-Day,5.6
ORD1500,Same-Day,3.1
ORD1501,Same-Day,3.2
ORD1502,Same-Day,4.0
ORD1503,Same-Day,7.1
ORD1504,Two-Day,35.5
ORD1505,Two-Day,54.0
ORD1506,Same-Day,5.5
ORD1507,Same-Day,4.1
ORD1508,Two-Day,47.2
ORD1509,Two-Day,47.5
ORD1510,Same-Day,13.4
ORD1511,Same-Day,8.5
ORD1512,Same-Day,2.4
ORD1513,Two-Day,30.9
ORD1514,Two-Day,10.6
ORD1515,Two-Day,31.3
ORD1516,Two-Day,55.1
ORD1517,Two-Day,40.6
ORD1518,Two-Day,46.8
ORD1519,Same-Day,4.5
ORD1520,Same-Day,3.1
ORD1521,Same-Day,1.8
ORD1522,Same-Day,7.1
ORD1523,Same-Day,4.6
ORD1524,Two-Day,66.3
ORD1525,Two-Day,27.3
ORD1526,Same-Day,3.8
ORD1527,Same-Day,1.0
ORD1528,Same-Day,9.7
ORD1529,Same-Day,7.0
ORD1530,Two-Day,52.0
ORD1531,Same-Day,8.6
ORD1532,Two-Day,33.7
ORD1533,Same-Day,2.6
ORD1534,Same-Day,3.6
ORD1535,Same-Day,9.4
ORD1536,Two-Day,34.6
ORD1537,Two-Day,23.2
ORD1538,Two-Day,30.8
ORD1539,Same-Day,3.0
ORD1540,Two-Day,29.1
ORD1541,Two-Day,70.9
ORD1542,Same-Day,3.0
ORD1543,Same-Day,6.5
ORD1544,Two-Day,33.1
ORD1545,Two-Day,25.0
ORD1546,Two-Day,45.8
ORD1547,Two-Day,62.1
ORD1548,Two-Day,100.6
ORD1549,Same-Day,1.8
ORD1550,Two-Day,71.6
ORD1551,Same-Day,2.6
ORD1552,Same-Day,0.5
ORD1553,Same-Day,5.1
ORD1554,Same-Day,14.4
ORD1555,Same-Day,6.5
ORD1556,Same-Day,1.4
ORD1557,Same-Day,7.7
ORD1558,Same-Day,3.3
ORD1559,Same-Day,7.9
ORD1560,Same-Day,2.1
ORD1561,Same-Day,5.8
ORD1562,Same-Day,4.7
ORD1563,Same-Day,3.1
ORD1564,Same-Day,19.0
ORD1565,Same-Day,1.3
ORD1566,Same-Day,2.5
ORD1567,Two-Day,34.8
ORD1568,Two-Day,65.0
ORD1569,Two-Day,50.5
ORD1570,Same-Day,2.5
ORD1571,Two-Day,53.2
ORD1572,Same-Day,5.8
ORD1573,Same-Day,8.6
ORD1574,Two-Day,48.9
ORD1575,Same-Day,12.4
ORD1576,Two-Day,19.9
ORD1577,Same-Day,5.9
ORD1578,Same-Day,2.0
ORD1579,Two-Day,41.9
ORD1580,Same-Day,8.8
ORD1581,Two-Day,49.9
ORD1582,Same-Day,10.8
ORD1583,Same-Day,7.5
ORD1584,Same-Day,1.4
ORD1585,Same-Day,4.0
ORD1586,Same-Day,3.7
ORD1587,Same-Day,4.8
ORD1588,Two-Day,31.8
ORD1589,Same-Day,4.2
ORD1590,Same-Day,8.6
ORD1591,Two-Day,40.7
ORD1592,Two-Day,44.4
ORD1593,Same-Day,10.1
ORD1594,Same-Day,8.6
ORD1595,Two-Day,36.1
ORD1596,Same-Day,2.9
ORD1597,Two-Day,57.7
ORD1598,Two-Day,31.9
ORD1599,Two-Day,29.7
ORD1600,Same-Day,1.8
ORD1601,Same-Day,2.4
ORD1602,Same-Day,8.5
ORD1603,Same-Day,1.7
ORD1604,Same-Day,0.9
ORD1605,Same-Day,14.8
ORD1606,Two-Day,53.9
ORD1607,Same-Day,4.0
ORD1608,Two-Day,39.7
ORD1609,Same-Day,6.1
ORD1610,Two-Day,45.4
ORD1611,Same-Day,3.3
ORD1612,Same-Day,4.8
ORD1613,Same-Day,10.8
ORD1614,Two-Day,46.1
ORD1615,Same-Day,3.4
ORD1616,Same-Day,4.0
ORD1617,Same-Day,0.7
ORD1618,Same-Day,9.9
ORD1619,Same-Day,2.7
ORD1620,Same-Day,4.4
ORD1621,Same-Day,7.2
ORD1622,Two-Day,69.3
ORD1623,Same-Day,3.8
ORD1624,Two-Day,27.8
ORD1625,Same-Day,3.1
ORD1626,Same-Day,20.7
ORD1627,Same-Day,2.7
ORD1628,Same-Day,6.7
ORD1629,Same-Day,6.1
ORD1630,Same-Day,10.6
ORD1631,Two-Day,20.5
ORD1632,Same-Day,6.0
ORD1633,Same-Day,1.9
ORD1634,Two-Day,39.9
ORD1635,Same-Day,2.9
ORD1636,Same-Day,2.4
ORD1637,Same-Day,1.8
ORD1638,Two-Day,50.5
ORD1639,Same-Day,0.7
ORD1640,Two-Day,39.0
ORD1641,Same-Day,7.5
ORD1642,Two-Day,43.0
ORD1643,Same-Day,0.8
ORD1644,Two-Day,38.3
ORD1645,Same-Day,11.1
ORD1646,Two-Day,42.3
ORD1647,Same-Day,5.0
ORD1648,Same-Day,1.1
ORD1649,Two-Day,24.2
ORD1650,Two-Day,18.1
ORD1651,Same-Day,9.3
ORD1652,Same-Day,5.7
ORD1653,Two-Day,77.5
ORD1654,Two-Day,41.3
ORD1655,Same-Day,1.9
ORD1656,Same-Day,4.7
ORD1657,Two-Day,27.3
ORD1658,Two-Day,49.8
ORD1659,Same-Day,4.0
ORD1660,Same-Day,1.8
ORD1661,Same-Day,9.5
ORD1662,Same-Day,1.4
ORD1663,Same-Day,1.9
ORD1664,Same-Day,4.7
ORD1665,Same-Day,6.5
ORD1666,Same-Day,11.0
ORD1667,Same-Day,9.8
ORD1668,Same-Day,13.4
ORD1669,Two-Day,47.3
ORD1670,Two-Day,21.2
ORD1671,Two-Day,35.5
ORD1672,Same-Day,11.3
ORD1673,Same-Day,1.1
ORD1674,Same-Day,3.5
ORD1675,Same-Day,1.4
ORD1676,Same-Day,2.9
ORD1677,Same-Day,8.4
ORD1678,Same-Day,7.2
ORD1679,Same-Day,6.6
ORD1680,Same-Day,5.6
ORD1681,Same-Day,3.8
ORD1682,Two-Day,28.7
ORD1683,Same-Day,10.2
ORD1684,Two-Day,48.6
ORD1685,Two-Day,24.5
ORD1686,Two-Day,19.6
ORD1687,Same-Day,7.2
ORD1688,Two-Day,72.1
ORD1689,Same-Day,10.1
ORD1690,Same-Day,2.2
ORD1691,Same-Day,3.1
ORD1692,Same-Day,6.7
ORD1693,Two-Day,49.1
ORD1694,Two-Day,42.7
ORD1695,Same-Day,2.4
ORD1696,Same-Day,3.2
ORD1697,Same-Day,5.1
ORD1698,Same-Day,1.9
ORD1699,Two-Day,40.2
ORD1700,Same-Day,0.3
ORD1701,Two-Day,74.1
ORD1702,Two-Day,29.8
ORD1703,Same-Day,5.8
ORD1704,Same-Day,2.8
ORD1705,Two-Day,21.7
ORD1706,Two-Day,43.0
ORD1707,Two-Day,31.4
ORD1708,Two-Day,27.2
ORD1709,Same-Day,2.1
ORD1710,Two-Day,45.5
ORD1711,Same-Day,10.4
ORD1712,Two-Day,36.6
ORD1713,Same-Day,9.0
ORD1714,Two-Day,29.8
ORD1715,Same-Day,4.8
ORD1716,Two-Day,42.1
ORD1717,Two-Day,17.2
ORD1718,Same-Day,12.4
ORD1719,Two-Day,25.2
ORD1720,Same-Day,6.5
ORD1721,Same-Day,2.4
ORD1722,Two-Day,18.6
ORD1723,Two-Day,15.0
ORD1724,Same-Day,11.1
ORD1725,Same-Day,4.0
ORD1726,Same-Day,7.5
ORD1727,Two-Day,48.5
ORD1728,Same-Day,2.3
ORD1729,Same-Day,5.4
ORD1730,Same-Day,10.9
ORD1731,Same-Day,6.2
ORD1732,Two-Day,24.4
ORD1733,Same-Day,1.4
ORD1734,Two-Day,57.3
ORD1735,Two-Day,70.1
ORD1736,Same-Day,9.1
ORD1737,Two-Day,44.4
ORD1738,Same-Day,6.4
ORD1739,Two-Day,59.0
ORD1740,Two-Day,32.3
ORD1741,Same-Day,8.5
ORD1742,Same-Day,1.7
ORD1743,Same-Day,6.2
ORD1744,Same-Day,6.8
ORD1745,Two-Day,30.9
ORD1746,Two-Day,30.7
ORD1747,Same-Day,3.4
ORD1748,Same-Day,1.7
ORD1749,Same-Day,9.2
ORD1750,Two-Day,17.1
ORD1751,Two-Day,42.5
ORD1752,Same-Day,2.6
ORD1753,Same-Day,5.6
ORD1754,Same-Day,6.6
ORD1755,Same-Day,12.3
ORD1756,Same-Day,3.7
ORD1757,Same-Day,12.2
ORD1758,Two-Day,23.4
ORD1759,Two-Day,53.4
ORD1760,Two-Day,36.8
ORD1761,Same-Day,10.5
ORD1762,Two-Day,57.5
ORD1763,Same-Day,4.3
ORD1764,Two-Day,40.3
ORD1765,Two-Day,19.1
ORD1766,Two-Day,17.3
ORD1767,Two-Day,40.2
ORD1768,Same-Day,4.6
ORD1769,Same-Day,6.0
ORD1770,Same-Day,8.3
ORD1771,Same-Day,13.0
ORD1772,Two-Day,21.8
ORD1773,Two-Day,65.6
ORD1774,Same-Day,1.0
ORD1775,Same-Day,2.8
ORD1776,Two-Day,27.8
ORD1777,Same-Day,3.6
ORD1778,Two-Day,42.9
ORD1779,Same-Day,4.0
ORD1780,Same-Day,3.3
ORD1781,Same-Day,5.1
ORD1782,Same-Day,5.4
ORD1783,Two-Day,33.8
ORD1784,Same-Day,4.4
ORD1785,Two-Day,58.0
ORD1786,Two-Day,38.2
ORD1787,Same-Day,12.4
ORD1788,Same-Day,1.3
ORD1789,Two-Day,60.1
ORD1790,Two-Day,36.9
ORD1791,Two-Day,67.6
ORD1792,Same-Day,1.2
ORD1793,Same-Day,2.7
ORD1794,Same-Day,2.8
ORD1795,Same-Day,4.0
ORD1796,Same-Day,10.2
ORD1797,Same-Day,1.7
ORD1798,Same-Day,20.0
ORD1799,Two-Day,66.4
ORD1800,Two-Day,32.9
ORD1801,Same-Day,7.9
ORD1802,Same-Day,1.4
ORD1803,Two-Day,30.6
ORD1804,Same-Day,17.0
ORD1805,Same-Day,5.0
ORD1806,Same-Day,5.7
ORD1807,Two-Day,68.0
ORD1808,Same-Day,3.6
ORD1809,Same-Day,6.2
ORD1810,Two-Day,36.0
ORD1811,Two-Day,25.3
ORD1812,Same-Day,5.5
ORD1813,Same-Day,2.8
ORD1814,Same-Day,8.2
ORD1815,Two-Day,46.6
ORD1816,Two-Day,12.3
ORD1817,Same-Day,2.2
ORD1818,Same-Day,5.8
ORD1819,Same-Day,9.5
ORD1820,Two-Day,49.4
ORD1821,Same-Day,2.5
ORD1822,Two-Day,25.7
ORD1823,Same-Day,8.0
ORD1824,Same-Day,4.7
ORD1825,Same-Day,6.0
ORD1826,Two-Day,35.8
ORD1827,Two-Day,35.7
ORD1828,Two-Day,26.2
ORD1829,Two-Day,21.6
ORD1830,Two-Day,61.3
ORD1831,Two-Day,32.0
ORD1832,Same-Day,3.0
ORD1833,Two-Day,47.1
ORD1834,Two-Day,81.8
ORD1835,Same-Day,11.1
ORD1836,Same-Day,8.4
ORD1837,Two-Day,39.9
ORD1838,Same-Day,4.7
ORD1839,Two-Day,9.1
ORD1840,Two-Day,24.1
ORD1841,Same-Day,4.8
ORD1842,Two-Day,28.4
ORD1843,Same-Day,5.1
ORD1844,Two-Day,38.4
ORD1845,Two-Day,44.4
ORD1846,Same-Day,2.3
ORD1847,Two-Day,39.7
ORD1848,Same-Day,4.1
ORD1849,Same-Day,3.6
ORD1850,Same-Day,1.2
ORD1851,Same-Day,11.8
ORD1852,Same-Day,8.1
ORD1853,Two-Day,43.9
ORD1854,Same-Day,1.7
ORD1855,Two-Day,34.9
ORD1856,Same-Day,7.9
ORD1857,Same-Day,5.1
ORD1858,Same-Day,1.8
ORD1859,Two-Day,9.0
ORD1860,Same-Day,25.1
ORD1861,Two-Day,34.3
ORD1862,Same-Day,4.0
ORD1863,Same-Day,3.6
ORD1864,Same-Day,7.1
ORD1865,Same-Day,0.6
ORD1866,Two-Day,22.1
ORD1867,Same-Day,2.7
ORD1868,Same-Day,12.8
ORD1869,Same-Day,3.5
ORD1870,Two-Day,42.7
ORD1871,Two-Day,35.0
ORD1872,Two-Day,36.2
ORD1873,Same-Day,4.3
ORD1874,Two-Day,37.5
ORD1875,Same-Day,6.0
ORD1876,Two-Day,51.7
ORD1877,Same-Day,1.7
ORD1878,Two-Day,47.1
ORD1879,Same-Day,7.8
ORD1880,Same-Day,12.3
ORD1881,Same-Day,2.9
ORD1882,Same-Day,8.2
ORD1883,Two-Day,36.4
ORD1884,Same-Day,3.1
ORD1885,Same-Day,7.1
ORD1886,Two-Day,57.1
ORD1887,Same-Day,20.7
ORD1888,Same-Day,9.2
ORD1889,Two-Day,53.0
ORD1890,Same-Day,2.8
ORD1891,Same-Day,1.4
ORD1892,Two-Day,40.4
ORD1893,Two-Day,31.5
ORD1894,Same-Day,1.6
ORD1895,Same-Day,6.0
ORD1896,Same-Day,2.8
ORD1897,Same-Day,9.8
ORD1898,Two-Day,27.7
ORD1899,Two-Day,45.3
ORD1900,Same-Day,2.6
ORD1901,Two-Day,65.2
ORD1902,Two-Day,28.0
ORD1903,Same-Day,1.6
ORD1904,Same-Day,0.9
ORD1905,Two-Day,24.8
ORD1906,Same-Day,2.0
ORD1907,Two-Day,33.4
ORD1908,Same-Day,6.1
ORD1909,Two-Day,28.0
ORD1910,Same-Day,8.9
ORD1911,Same-Day,5.6
ORD1912,Two-Day,60.2
ORD1913,Two-Day,59.2
ORD1914,Same-Day,14.6
ORD1915,Two-Day,42.7
ORD1916,Two-Day,32.5
ORD1917,Same-Day,6.0
ORD1918,Same-Day,10.6
ORD1919,Two-Day,15.3
ORD1920,Same-Day,5.0
ORD1921,Same-Day,11.4
ORD1922,Two-Day,47.1
ORD1923,Same-Day,4.2
ORD1924,Two-Day,29.0
ORD1925,Same-Day,1.4
ORD1926,Same-Day,8.7
ORD1927,Same-Day,9.8
ORD1928,Same-Day,4.8
ORD1929,Same-Day,7.2
ORD1930,Same-Day,2.9
ORD1931,Same-Day,4.1
ORD1932,Same-Day,13.6
ORD1933,Same-Day,4.7
ORD1934,Same-Day,12.5
ORD1935,Same-Day,5.5
ORD1936,Same-Day,6.2
ORD1937,Same-Day,4.5
ORD1938,Same-Day,5.8
ORD1939,Same-Day,21.2
ORD1940,Same-Day,4.6
ORD1941,Same-Day,7.5
ORD1942,Two-Day,49.0
ORD1943,Two-Day,99.6
ORD1944,Same-Day,0.8
ORD1945,Two-Day,33.9
ORD1946,Two-Day,29.0
ORD1947,Two-Day,36.4
ORD1948,Two-Day,38.5
ORD1949,Same-Day,4.1
ORD1950,Two-Day,16.0
ORD1951,Two-Day,74.1
ORD1952,Same-Day,4.3
ORD1953,Same-Day,1.0
ORD1954,Same-Day,11.8
ORD1955,Same-Day,5.1
ORD1956,Two-Day,49.4
ORD1957,Two-Day,46.3
ORD1958,Same-Day,19.1
ORD1959,Two-Day,29.6
ORD1960,Same-Day,4.4
ORD1961,Two-Day,28.1
ORD1962,Same-Day,0.5
ORD1963,Two-Day,38.0
ORD1964,Two-Day,43.3
ORD1965,Two-Day,34.7
ORD1966,Same-Day,8.3
ORD1967,Same-Day,5.1
ORD1968,Same-Day,3.8
ORD1969,Two-Day,22.6
ORD1970,Same-Day,4.9
ORD1971,Same-Day,6.2
ORD1972,Same-Day,7.8
ORD1973,Two-Day,20.6
ORD1974,Same-Day,6.4
ORD1975,Same-Day,13.2
ORD1976,Same-Day,9.7
ORD1977,Same-Day,20.5
ORD1978,Same-Day,2.7
ORD1979,Two-Day,31.8
ORD1980,Same-Day,4.6
ORD1981,Two-Day,50.6
ORD1982,Same-Day,3.0
ORD1983,Two-Day,49.0
ORD1984,Two-Day,57.3
ORD1985,Two-Day,38.8
ORD1986,Same-Day,8.8
ORD1987,Same-Day,20.6
ORD1988,Same-Day,3.8
ORD1989,Two-Day,23.7
ORD1990,Two-Day,17.6
ORD1991,Same-Day,3.8
ORD1992,Same-Day,2.2
ORD1993,Same-Day,4.8
ORD1994,Same-Day,2.4
ORD1995,Two-Day,33.9
ORD1996,Two-Day,40.3
ORD1997,Same-Day,7.6
ORD1998,Two-Day,32.4
ORD1999,Same-Day,7.9
ORD2000,Same-Day,3.0
